dataset,model,run_id,stage_name,wall_clock_seconds,share_of_profiled_time,rss_start_mb,rss_end_mb,rss_delta_mb,status
ml100k,biased_mf,2026-05-07T222923Z_ml100k_biased_mf_local_u300_24gb_benchmark_random_v1_tr080_va010_s001_s001,build_fit_artifacts,0.0001889999839477241,3.9340694846214034e-05,156.33984375,156.33984375,0.0,completed
ml100k,biased_mf,2026-05-07T222923Z_ml100k_biased_mf_local_u300_24gb_benchmark_random_v1_tr080_va010_s001_s001,build_model_config,0.00011590000940486789,2.4124800475810566e-05,156.3046875,156.3046875,0.0,completed
ml100k,biased_mf,2026-05-07T222923Z_ml100k_biased_mf_local_u300_24gb_benchmark_random_v1_tr080_va010_s001_s001,build_rating_metrics,0.03921930002979934,0.008163569553430262,185.0078125,185.078125,0.0703125,completed
ml100k,biased_mf,2026-05-07T222923Z_ml100k_biased_mf_local_u300_24gb_benchmark_random_v1_tr080_va010_s001_s001,fit_model,1.6074819000205025,0.3346003188921458,156.34375,182.83984375,26.49609375,completed
ml100k,biased_mf,2026-05-07T222923Z_ml100k_biased_mf_local_u300_24gb_benchmark_random_v1_tr080_va010_s001_s001,initialize_model,7.420004112645984e-05,1.5444875256391462e-05,156.33984375,156.34375,0.00390625,completed
ml100k,biased_mf,2026-05-07T222923Z_ml100k_biased_mf_local_u300_24gb_benchmark_random_v1_tr080_va010_s001_s001,load_ratings_data,1.5612895000376739,0.3249852857372152,137.24609375,151.70703125,14.4609375,completed
ml100k,biased_mf,2026-05-07T222923Z_ml100k_biased_mf_local_u300_24gb_benchmark_random_v1_tr080_va010_s001_s001,load_test_ratings,0.00014399999054148793,2.9973863316926495e-05,156.3046875,156.3046875,0.0,completed
ml100k,biased_mf,2026-05-07T222923Z_ml100k_biased_mf_local_u300_24gb_benchmark_random_v1_tr080_va010_s001_s001,load_train_ratings,4.349998198449612e-05,9.05460138843825e-06,156.3046875,156.3046875,0.0,completed
ml100k,biased_mf,2026-05-07T222923Z_ml100k_biased_mf_local_u300_24gb_benchmark_random_v1_tr080_va010_s001_s001,load_validation_ratings,4.0000013541430235e-05,8.326076509155097e-06,156.3046875,156.3046875,0.0,completed
ml100k,biased_mf,2026-05-07T222923Z_ml100k_biased_mf_local_u300_24gb_benchmark_random_v1_tr080_va010_s001_s001,predict_train,0.04680800001369789,0.00974317143545263,183.4609375,185.0078125,1.546875,completed
ml100k,biased_mf,2026-05-07T222923Z_ml100k_biased_mf_local_u300_24gb_benchmark_random_v1_tr080_va010_s001_s001,predict_validation,0.006027100025676191,0.0012545519738420645,185.0078125,185.0078125,0.0,completed
ml100k,biased_mf,2026-05-07T222923Z_ml100k_biased_mf_local_u300_24gb_benchmark_random_v1_tr080_va010_s001_s001,resolve_dataset_manifest,0.023215599998366088,0.004832369908878424,136.42578125,136.4375,0.01171875,completed
ml100k,biased_mf,2026-05-07T222923Z_ml100k_biased_mf_local_u300_24gb_benchmark_random_v1_tr080_va010_s001_s001,resolve_experiment_config,0.11065679998137057,0.023033416774943933,136.32421875,136.421875,0.09765625,completed
ml100k,biased_mf,2026-05-07T222923Z_ml100k_biased_mf_local_u300_24gb_benchmark_random_v1_tr080_va010_s001_s001,resolve_model_profile,0.015585299988742918,0.0032441089048633296,136.4375,136.44921875,0.01171875,completed
ml100k,biased_mf,2026-05-07T222923Z_ml100k_biased_mf_local_u300_24gb_benchmark_random_v1_tr080_va010_s001_s001,resolve_model_requirements,0.00016060000052675605,3.342918597692825e-05,137.078125,137.078125,0.0,completed
ml100k,biased_mf,2026-05-07T222923Z_ml100k_biased_mf_local_u300_24gb_benchmark_random_v1_tr080_va010_s001_s001,resolve_split_cache,0.2107720000203699,0.04387258010149391,151.70703125,156.3046875,4.59765625,completed
ml100k,biased_mf,2026-05-07T222923Z_ml100k_biased_mf_local_u300_24gb_benchmark_random_v1_tr080_va010_s001_s001,resolve_split_cache_policy,3.560003824532032e-05,7.410213545362369e-06,136.546875,136.546875,0.0,completed
ml100k,biased_mf,2026-05-07T222923Z_ml100k_biased_mf_local_u300_24gb_benchmark_random_v1_tr080_va010_s001_s001,validate_model_config,0.0002481000265106559,5.1642477583453034e-05,136.44921875,136.546875,0.09765625,completed
ml100k,biased_mf,2026-05-07T222923Z_ml100k_biased_mf_local_u300_24gb_benchmark_random_v1_tr080_va010_s001_s001,write_config_snapshot,0.09160799998790026,0.019068373963422026,137.09375,137.234375,0.140625,completed
ml100k,biased_mf,2026-05-07T222923Z_ml100k_biased_mf_local_u300_24gb_benchmark_random_v1_tr080_va010_s001_s001,write_kernel_profile,0.035514999995939434,0.007392512677091,183.45703125,183.4609375,0.00390625,completed
ml100k,biased_mf,2026-05-07T222923Z_ml100k_biased_mf_local_u300_24gb_benchmark_random_v1_tr080_va010_s001_s001,write_metrics_json,0.5945039000362158,0.1237470820245037,185.1171875,185.17578125,0.05859375,completed
ml100k,biased_mf,2026-05-07T222923Z_ml100k_biased_mf_local_u300_24gb_benchmark_random_v1_tr080_va010_s001_s001,write_performance_profile,0.03488759999163449,0.007261918210359716,187.20703125,187.21484375,0.0078125,completed
ml100k,biased_mf,2026-05-07T222923Z_ml100k_biased_mf_local_u300_24gb_benchmark_random_v1_tr080_va010_s001_s001,write_run_manifest,0.4041704999981448,0.08412883416258213,137.2421875,137.24609375,0.00390625,completed
ml100k,biased_mf,2026-05-07T222923Z_ml100k_biased_mf_local_u300_24gb_benchmark_random_v1_tr080_va010_s001_s001,write_run_manifest,0.021393800037913024,0.004453158890877215,185.17578125,185.1875,0.01171875,completed
ml1m,asvdpp,2026-05-08T010531Z_ml1m_asvdpp_local_u300_24gb_benchmark_random_v1_tr080_va010_s001_s001,build_explicit_feedback_index,0.5222386999521405,0.0011742563447577749,191.16796875,197.37109375,6.203125,completed
ml1m,asvdpp,2026-05-08T010531Z_ml1m_asvdpp_local_u300_24gb_benchmark_random_v1_tr080_va010_s001_s001,build_fit_artifacts,0.8473891000030562,0.001905358655435453,181.08984375,197.37109375,16.28125,completed
ml1m,asvdpp,2026-05-08T010531Z_ml1m_asvdpp_local_u300_24gb_benchmark_random_v1_tr080_va010_s001_s001,build_model_config,4.050001734867692e-05,9.106449280538215e-08,180.97265625,180.98046875,0.0078125,completed
ml1m,asvdpp,2026-05-08T010531Z_ml1m_asvdpp_local_u300_24gb_benchmark_random_v1_tr080_va010_s001_s001,build_rating_metrics,0.34810030000517145,0.000782705276209169,273.02734375,274.921875,1.89453125,completed
ml1m,asvdpp,2026-05-08T010531Z_ml1m_asvdpp_local_u300_24gb_benchmark_random_v1_tr080_va010_s001_s001,build_training_indices,0.8473123000003397,0.0019051859702428858,181.08984375,197.37109375,16.28125,completed
ml1m,asvdpp,2026-05-08T010531Z_ml1m_asvdpp_local_u300_24gb_benchmark_random_v1_tr080_va010_s001_s001,build_user_history_index,0.32500639994395897,0.0007307785257125745,181.08984375,191.16796875,10.078125,completed
ml1m,asvdpp,2026-05-08T010531Z_ml1m_asvdpp_local_u300_24gb_benchmark_random_v1_tr080_va010_s001_s001,fit_model,438.50667919998523,0.9859844747553821,197.37109375,252.3125,54.94140625,completed
ml1m,asvdpp,2026-05-08T010531Z_ml1m_asvdpp_local_u300_24gb_benchmark_random_v1_tr080_va010_s001_s001,initialize_model,2.2899999748915434e-05,5.14907646686845e-08,197.37109375,197.37109375,0.0,completed
ml1m,asvdpp,2026-05-08T010531Z_ml1m_asvdpp_local_u300_24gb_benchmark_random_v1_tr080_va010_s001_s001,load_ratings_data,0.6757775999722071,0.0015194893340636528,137.49609375,180.90625,43.41015625,completed
ml1m,asvdpp,2026-05-08T010531Z_ml1m_asvdpp_local_u300_24gb_benchmark_random_v1_tr080_va010_s001_s001,load_test_ratings,8.800008799880743e-06,1.978686406834883e-08,180.97265625,180.97265625,0.0,completed
ml1m,asvdpp,2026-05-08T010531Z_ml1m_asvdpp_local_u300_24gb_benchmark_random_v1_tr080_va010_s001_s001,load_train_ratings,1.279998105019331e-05,2.87808218011155e-08,180.96875,180.96875,0.0,completed
ml1m,asvdpp,2026-05-08T010531Z_ml1m_asvdpp_local_u300_24gb_benchmark_random_v1_tr080_va010_s001_s001,load_validation_ratings,1.729995710775256e-05,3.889904061050531e-08,180.96875,180.96875,0.0,completed
ml1m,asvdpp,2026-05-08T010531Z_ml1m_asvdpp_local_u300_24gb_benchmark_random_v1_tr080_va010_s001_s001,predict_test,0.1258555999957025,0.00028298694989818614,270.7265625,273.0234375,2.296875,completed
ml1m,asvdpp,2026-05-08T010531Z_ml1m_asvdpp_local_u300_24gb_benchmark_random_v1_tr080_va010_s001_s001,predict_train,1.3672042999533005,0.0030741657482438647,255.51953125,267.05859375,11.5390625,completed
ml1m,asvdpp,2026-05-08T010531Z_ml1m_asvdpp_local_u300_24gb_benchmark_random_v1_tr080_va010_s001_s001,predict_validation,0.1175842999946326,0.00026438889022443654,267.05859375,270.7265625,3.66796875,completed
ml1m,asvdpp,2026-05-08T010531Z_ml1m_asvdpp_local_u300_24gb_benchmark_random_v1_tr080_va010_s001_s001,resolve_dataset_manifest,0.010370500036515296,2.3318121516664345e-05,136.6328125,136.63671875,0.00390625,completed
ml1m,asvdpp,2026-05-08T010531Z_ml1m_asvdpp_local_u300_24gb_benchmark_random_v1_tr080_va010_s001_s001,resolve_experiment_config,0.03615699999500066,8.129919643149254e-05,136.55078125,136.6328125,0.08203125,completed
ml1m,asvdpp,2026-05-08T010531Z_ml1m_asvdpp_local_u300_24gb_benchmark_random_v1_tr080_va010_s001_s001,resolve_model_profile,0.011306400003377348,2.542249730162067e-05,136.63671875,136.65234375,0.015625,completed
ml1m,asvdpp,2026-05-08T010531Z_ml1m_asvdpp_local_u300_24gb_benchmark_random_v1_tr080_va010_s001_s001,resolve_model_requirements,8.329999400302768e-05,1.873004556830123e-07,137.30859375,137.30859375,0.0,completed
ml1m,asvdpp,2026-05-08T010531Z_ml1m_asvdpp_local_u300_24gb_benchmark_random_v1_tr080_va010_s001_s001,resolve_split_cache,0.2343817999935709,0.0005270086566993614,180.90625,180.96875,0.0625,completed
ml1m,asvdpp,2026-05-08T010531Z_ml1m_asvdpp_local_u300_24gb_benchmark_random_v1_tr080_va010_s001_s001,resolve_split_cache_policy,2.2500054910779e-05,5.059148668760445e-08,136.75,136.75,0.0,completed
ml1m,asvdpp,2026-05-08T010531Z_ml1m_asvdpp_local_u300_24gb_benchmark_random_v1_tr080_va010_s001_s001,validate_model_config,0.0001569000305607915,3.527905082399726e-07,136.65234375,136.74609375,0.09375,completed
ml1m,asvdpp,2026-05-08T010531Z_ml1m_asvdpp_local_u300_24gb_benchmark_random_v1_tr080_va010_s001_s001,write_config_snapshot,0.14921049994882196,0.00033550055996509016,137.30859375,137.45703125,0.1484375,completed
ml1m,asvdpp,2026-05-08T010531Z_ml1m_asvdpp_local_u300_24gb_benchmark_random_v1_tr080_va010_s001_s001,write_kernel_profile,0.055301700020208955,0.0001243461507746796,255.515625,255.51953125,0.00390625,completed
ml1m,asvdpp,2026-05-08T010531Z_ml1m_asvdpp_local_u300_24gb_benchmark_random_v1_tr080_va010_s001_s001,write_metrics_json,0.06264129996998236,0.0001408492781947561,274.921875,274.9453125,0.0234375,completed
ml1m,asvdpp,2026-05-08T010531Z_ml1m_asvdpp_local_u300_24gb_benchmark_random_v1_tr080_va010_s001_s001,write_performance_profile,0.04423330002464354,9.94587976882448e-05,276.40234375,276.4140625,0.01171875,completed
ml1m,asvdpp,2026-05-08T010531Z_ml1m_asvdpp_local_u300_24gb_benchmark_random_v1_tr080_va010_s001_s001,write_run_manifest,0.40210529998876154,0.0009041357904264911,137.4609375,137.49609375,0.03515625,completed
ml1m,asvdpp,2026-05-08T010531Z_ml1m_asvdpp_local_u300_24gb_benchmark_random_v1_tr080_va010_s001_s001,write_run_manifest,0.05072249996010214,0.00011404979639690488,274.9453125,274.9453125,0.0,completed
ml1m,asymmetric_svd,2026-05-08T005445Z_ml1m_asymmetric_svd_local_u300_24gb_benchmark_random_v1_tr080_va010_s001_s001,build_explicit_feedback_index,4.4875625999993645,0.007140799793757471,190.87890625,197.78515625,6.90625,completed
ml1m,asymmetric_svd,2026-05-08T005445Z_ml1m_asymmetric_svd_local_u300_24gb_benchmark_random_v1_tr080_va010_s001_s001,build_fit_artifacts,4.978842200012878,0.007922544713918416,180.796875,197.78515625,16.98828125,completed
ml1m,asymmetric_svd,2026-05-08T005445Z_ml1m_asymmetric_svd_local_u300_24gb_benchmark_random_v1_tr080_va010_s001_s001,build_model_config,6.470002699643373e-05,1.029534249688912e-07,180.71484375,180.71484375,0.0,completed
ml1m,asymmetric_svd,2026-05-08T005445Z_ml1m_asymmetric_svd_local_u300_24gb_benchmark_random_v1_tr080_va010_s001_s001,build_rating_metrics,0.25117330002831295,0.0003996775998266441,270.94140625,274.765625,3.82421875,completed
ml1m,asymmetric_svd,2026-05-08T005445Z_ml1m_asymmetric_svd_local_u300_24gb_benchmark_random_v1_tr080_va010_s001_s001,build_training_indices,4.978803000005428,0.007922482337205251,180.796875,197.78515625,16.98828125,completed
ml1m,asymmetric_svd,2026-05-08T005445Z_ml1m_asymmetric_svd_local_u300_24gb_benchmark_random_v1_tr080_va010_s001_s001,build_user_history_index,0.49120400001993403,0.0007816246222472053,180.796875,190.87890625,10.08203125,completed
ml1m,asymmetric_svd,2026-05-08T005445Z_ml1m_asymmetric_svd_local_u300_24gb_benchmark_random_v1_tr080_va010_s001_s001,fit_model,608.6185130999656,0.9684595715326242,197.7890625,252.80859375,55.01953125,completed
ml1m,asymmetric_svd,2026-05-08T005445Z_ml1m_asymmetric_svd_local_u300_24gb_benchmark_random_v1_tr080_va010_s001_s001,initialize_model,2.0200037397444248e-05,3.214315559221024e-08,197.78515625,197.78515625,0.0,completed
ml1m,asymmetric_svd,2026-05-08T005445Z_ml1m_asymmetric_svd_local_u300_24gb_benchmark_random_v1_tr080_va010_s001_s001,load_ratings_data,0.6005977000459097,0.0009556965138758513,137.6328125,180.61328125,42.98046875,completed
ml1m,asymmetric_svd,2026-05-08T005445Z_ml1m_asymmetric_svd_local_u300_24gb_benchmark_random_v1_tr080_va010_s001_s001,load_test_ratings,2.429995220154524e-05,3.866711378447071e-08,180.71484375,180.71484375,0.0,completed
ml1m,asymmetric_svd,2026-05-08T005445Z_ml1m_asymmetric_svd_local_u300_24gb_benchmark_random_v1_tr080_va010_s001_s001,load_train_ratings,3.419996937736869e-05,5.442044068119757e-08,180.7109375,180.7109375,0.0,completed
ml1m,asymmetric_svd,2026-05-08T005445Z_ml1m_asymmetric_svd_local_u300_24gb_benchmark_random_v1_tr080_va010_s001_s001,load_validation_ratings,3.5400036722421646e-05,5.633003869996403e-08,180.7109375,180.7109375,0.0,completed
ml1m,asymmetric_svd,2026-05-08T005445Z_ml1m_asymmetric_svd_local_u300_24gb_benchmark_random_v1_tr080_va010_s001_s001,predict_test,0.8497353000566363,0.0013521348215607579,268.65234375,270.94140625,2.2890625,completed
ml1m,asymmetric_svd,2026-05-08T005445Z_ml1m_asymmetric_svd_local_u300_24gb_benchmark_random_v1_tr080_va010_s001_s001,predict_train,1.3330537999863736,0.002121211701873899,255.93359375,265.73046875,9.796875,completed
ml1m,asymmetric_svd,2026-05-08T005445Z_ml1m_asymmetric_svd_local_u300_24gb_benchmark_random_v1_tr080_va010_s001_s001,predict_validation,0.8479254000121728,0.0013492548319057438,265.73046875,268.65234375,2.921875,completed
ml1m,asymmetric_svd,2026-05-08T005445Z_ml1m_asymmetric_svd_local_u300_24gb_benchmark_random_v1_tr080_va010_s001_s001,resolve_dataset_manifest,0.00823630002560094,1.3105949658316561e-05,136.8203125,136.82421875,0.00390625,completed
ml1m,asymmetric_svd,2026-05-08T005445Z_ml1m_asymmetric_svd_local_u300_24gb_benchmark_random_v1_tr080_va010_s001_s001,resolve_experiment_config,0.03893360000802204,6.195279435378997e-05,136.734375,136.8203125,0.0859375,completed
ml1m,asymmetric_svd,2026-05-08T005445Z_ml1m_asymmetric_svd_local_u300_24gb_benchmark_random_v1_tr080_va010_s001_s001,resolve_model_profile,0.011056899966206402,1.7594207821924276e-05,136.82421875,136.8359375,0.01171875,completed
ml1m,asymmetric_svd,2026-05-08T005445Z_ml1m_asymmetric_svd_local_u300_24gb_benchmark_random_v1_tr080_va010_s001_s001,resolve_model_requirements,8.58000130392611e-05,1.3652861698580667e-07,137.47265625,137.47265625,0.0,completed
ml1m,asymmetric_svd,2026-05-08T005445Z_ml1m_asymmetric_svd_local_u300_24gb_benchmark_random_v1_tr080_va010_s001_s001,resolve_split_cache,0.1803762000054121,0.00028702225386172564,180.61328125,180.7109375,0.09765625,completed
ml1m,asymmetric_svd,2026-05-08T005445Z_ml1m_asymmetric_svd_local_u300_24gb_benchmark_random_v1_tr080_va010_s001_s001,resolve_split_cache_policy,1.92999723367393e-05,3.071093392251117e-08,136.92578125,136.92578125,0.0,completed
ml1m,asymmetric_svd,2026-05-08T005445Z_ml1m_asymmetric_svd_local_u300_24gb_benchmark_random_v1_tr080_va010_s001_s001,validate_model_config,0.00013209995813667774,2.1020305183439505e-07,136.8359375,136.92578125,0.08984375,completed
ml1m,asymmetric_svd,2026-05-08T005445Z_ml1m_asymmetric_svd_local_u300_24gb_benchmark_random_v1_tr080_va010_s001_s001,write_config_snapshot,0.17421149997971952,0.0002772127219184724,137.47265625,137.62109375,0.1484375,completed
ml1m,asymmetric_svd,2026-05-08T005445Z_ml1m_asymmetric_svd_local_u300_24gb_benchmark_random_v1_tr080_va010_s001_s001,write_kernel_profile,0.0645467999856919,0.00010270960365557882,255.93359375,255.93359375,0.0,completed
ml1m,asymmetric_svd,2026-05-08T005445Z_ml1m_asymmetric_svd_local_u300_24gb_benchmark_random_v1_tr080_va010_s001_s001,write_metrics_json,0.04089969996130094,6.508133592352373e-05,274.765625,274.78515625,0.01953125,completed
ml1m,asymmetric_svd,2026-05-08T005445Z_ml1m_asymmetric_svd_local_u300_24gb_benchmark_random_v1_tr080_va010_s001_s001,write_performance_profile,0.05009500001324341,7.971328706654693e-05,276.11328125,272.8125,-3.30078125,completed
ml1m,asymmetric_svd,2026-05-08T005445Z_ml1m_asymmetric_svd_local_u300_24gb_benchmark_random_v1_tr080_va010_s001_s001,write_run_manifest,0.39670609997119755,0.0006312555588321062,137.625,137.6328125,0.0078125,completed
ml1m,asymmetric_svd,2026-05-08T005445Z_ml1m_asymmetric_svd_local_u300_24gb_benchmark_random_v1_tr080_va010_s001_s001,write_run_manifest,0.0368843000032939,5.869186133613982e-05,274.78515625,274.7890625,0.00390625,completed
ml1m,biased_mf,2026-05-08T004817Z_ml1m_biased_mf_local_u300_24gb_benchmark_random_v1_tr080_va010_s001_s001,build_fit_artifacts,0.00014920003013685346,6.724405719817986e-06,192.52734375,192.52734375,0.0,completed
ml1m,biased_mf,2026-05-08T004817Z_ml1m_biased_mf_local_u300_24gb_benchmark_random_v1_tr080_va010_s001_s001,build_model_config,9.55999712459743e-05,4.308665305705427e-06,192.44140625,192.44140625,0.0,completed
ml1m,biased_mf,2026-05-08T004817Z_ml1m_biased_mf_local_u300_24gb_benchmark_random_v1_tr080_va010_s001_s001,build_rating_metrics,0.7189239000435919,0.03240170917614894,238.4296875,241.92578125,3.49609375,completed
ml1m,biased_mf,2026-05-08T004817Z_ml1m_biased_mf_local_u300_24gb_benchmark_random_v1_tr080_va010_s001_s001,fit_model,14.73108559998218,0.6639261143364914,192.52734375,219.98828125,27.4609375,completed
ml1m,biased_mf,2026-05-08T004817Z_ml1m_biased_mf_local_u300_24gb_benchmark_random_v1_tr080_va010_s001_s001,initialize_model,8.019997039809823e-05,3.6145913588592144e-06,192.52734375,192.52734375,0.0,completed
ml1m,biased_mf,2026-05-08T004817Z_ml1m_biased_mf_local_u300_24gb_benchmark_random_v1_tr080_va010_s001_s001,load_ratings_data,0.6931844999780878,0.03124164125346555,137.421875,180.49609375,43.07421875,completed
ml1m,biased_mf,2026-05-08T004817Z_ml1m_biased_mf_local_u300_24gb_benchmark_random_v1_tr080_va010_s001_s001,load_test_ratings,4.380004247650504e-05,1.974056277918475e-06,192.44140625,192.44140625,0.0,completed
ml1m,biased_mf,2026-05-08T004817Z_ml1m_biased_mf_local_u300_24gb_benchmark_random_v1_tr080_va010_s001_s001,load_train_ratings,9.129999671131372e-05,4.114866595816285e-06,192.44140625,192.44140625,0.0,completed
ml1m,biased_mf,2026-05-08T004817Z_ml1m_biased_mf_local_u300_24gb_benchmark_random_v1_tr080_va010_s001_s001,load_validation_ratings,4.710000939667225e-05,2.1227849102976274e-06,192.44140625,192.44140625,0.0,completed
ml1m,biased_mf,2026-05-08T004817Z_ml1m_biased_mf_local_u300_24gb_benchmark_random_v1_tr080_va010_s001_s001,predict_test,0.13045870000496507,0.005879738949842994,236.5078125,238.421875,1.9140625,completed
ml1m,biased_mf,2026-05-08T004817Z_ml1m_biased_mf_local_u300_24gb_benchmark_random_v1_tr080_va010_s001_s001,predict_train,1.370138099999167,0.06175176015798391,223.05859375,232.25390625,9.1953125,completed
ml1m,biased_mf,2026-05-08T004817Z_ml1m_biased_mf_local_u300_24gb_benchmark_random_v1_tr080_va010_s001_s001,predict_validation,0.16778789996169508,0.007562156074524672,232.25390625,236.5078125,4.25390625,completed
ml1m,biased_mf,2026-05-08T004817Z_ml1m_biased_mf_local_u300_24gb_benchmark_random_v1_tr080_va010_s001_s001,resolve_dataset_manifest,0.010108499962370843,0.00045558740774648423,136.58203125,136.58984375,0.0078125,completed
ml1m,biased_mf,2026-05-08T004817Z_ml1m_biased_mf_local_u300_24gb_benchmark_random_v1_tr080_va010_s001_s001,resolve_experiment_config,0.04415879998123273,0.0019902253833442964,136.48828125,136.58203125,0.09375,completed
ml1m,biased_mf,2026-05-08T004817Z_ml1m_biased_mf_local_u300_24gb_benchmark_random_v1_tr080_va010_s001_s001,resolve_model_profile,0.012912000005599111,0.0005819404098799442,136.58984375,136.60546875,0.015625,completed
ml1m,biased_mf,2026-05-08T004817Z_ml1m_biased_mf_local_u300_24gb_benchmark_random_v1_tr080_va010_s001_s001,resolve_model_requirements,0.00013010000111535192,5.863572486184813e-06,137.21484375,137.21484375,0.0,completed
ml1m,biased_mf,2026-05-08T004817Z_ml1m_biased_mf_local_u300_24gb_benchmark_random_v1_tr080_va010_s001_s001,resolve_split_cache,3.435628800012637,0.1548428772620595,180.49609375,192.44140625,11.9453125,completed
ml1m,biased_mf,2026-05-08T004817Z_ml1m_biased_mf_local_u300_24gb_benchmark_random_v1_tr080_va010_s001_s001,resolve_split_cache_policy,2.2500054910779e-05,1.0140714971671378e-06,136.703125,136.703125,0.0,completed
ml1m,biased_mf,2026-05-08T004817Z_ml1m_biased_mf_local_u300_24gb_benchmark_random_v1_tr080_va010_s001_s001,validate_model_config,0.00017899996601045132,8.067480912596608e-06,136.60546875,136.703125,0.09765625,completed
ml1m,biased_mf,2026-05-08T004817Z_ml1m_biased_mf_local_u300_24gb_benchmark_random_v1_tr080_va010_s001_s001,write_config_snapshot,0.10088360001100227,0.004546797050426656,137.21484375,137.375,0.16015625,completed
ml1m,biased_mf,2026-05-08T004817Z_ml1m_biased_mf_local_u300_24gb_benchmark_random_v1_tr080_va010_s001_s001,write_kernel_profile,0.06027640000684187,0.0027166413344840656,223.05078125,223.05859375,0.0078125,completed
ml1m,biased_mf,2026-05-08T004817Z_ml1m_biased_mf_local_u300_24gb_benchmark_random_v1_tr080_va010_s001_s001,write_metrics_json,0.07404999999562278,0.0033374138267019855,241.96484375,242.02734375,0.0625,completed
ml1m,biased_mf,2026-05-08T004817Z_ml1m_biased_mf_local_u300_24gb_benchmark_random_v1_tr080_va010_s001_s001,write_performance_profile,0.06319640000583604,0.002848244958672978,244.0703125,244.078125,0.0078125,completed
ml1m,biased_mf,2026-05-08T004817Z_ml1m_biased_mf_local_u300_24gb_benchmark_random_v1_tr080_va010_s001_s001,write_run_manifest,0.4342025999794714,0.019569395825078984,137.3828125,137.421875,0.0390625,completed
ml1m,biased_mf,2026-05-08T004817Z_ml1m_biased_mf_local_u300_24gb_benchmark_random_v1_tr080_va010_s001_s001,write_run_manifest,0.14000419998774305,0.006309952098083237,242.02734375,242.03515625,0.0078125,completed
ml1m,cb_asvdpp,2026-05-08T011957Z_ml1m_cb_asvdpp_local_u300_24gb_benchmark_random_v1_tr080_va010_s001_s001,build_cb_diagnostics,0.7649727000389248,0.0009732209090046753,285.78125,284.09765625,-1.68359375,completed
ml1m,cb_asvdpp,2026-05-08T011957Z_ml1m_cb_asvdpp_local_u300_24gb_benchmark_random_v1_tr080_va010_s001_s001,build_cluster_artifacts,0.374511799949687,0.00047646499589000383,180.9921875,187.11328125,6.12109375,completed
ml1m,cb_asvdpp,2026-05-08T011957Z_ml1m_cb_asvdpp_local_u300_24gb_benchmark_random_v1_tr080_va010_s001_s001,build_explicit_feedback_index,0.3902393000316806,0.0004964739869630057,191.0703125,197.2578125,6.1875,completed
ml1m,cb_asvdpp,2026-05-08T011957Z_ml1m_cb_asvdpp_local_u300_24gb_benchmark_random_v1_tr080_va010_s001_s001,build_fit_artifacts,1.450626200006809,0.0018455295841600461,180.9921875,199.01953125,18.02734375,completed
ml1m,cb_asvdpp,2026-05-08T011957Z_ml1m_cb_asvdpp_local_u300_24gb_benchmark_random_v1_tr080_va010_s001_s001,build_model_config,8.969998452812433e-05,1.1411897506371719e-07,180.8984375,180.90234375,0.00390625,completed
ml1m,cb_asvdpp,2026-05-08T011957Z_ml1m_cb_asvdpp_local_u300_24gb_benchmark_random_v1_tr080_va010_s001_s001,build_rating_metrics,0.2833820999949239,0.0003605270945468775,284.26953125,285.625,1.35546875,completed
ml1m,cb_asvdpp,2026-05-08T011957Z_ml1m_cb_asvdpp_local_u300_24gb_benchmark_random_v1_tr080_va010_s001_s001,build_training_indices,0.8118982999585569,0.0010329210460253168,187.11328125,197.2578125,10.14453125,completed
ml1m,cb_asvdpp,2026-05-08T011957Z_ml1m_cb_asvdpp_local_u300_24gb_benchmark_random_v1_tr080_va010_s001_s001,build_user_cluster_history_index,0.26411029999144375,0.00033600894021720157,197.2578125,199.01953125,1.76171875,completed
ml1m,cb_asvdpp,2026-05-08T011957Z_ml1m_cb_asvdpp_local_u300_24gb_benchmark_random_v1_tr080_va010_s001_s001,build_user_history_index,0.42155369999818504,0.0005363130933765896,187.11328125,191.0703125,3.95703125,completed
ml1m,cb_asvdpp,2026-05-08T011957Z_ml1m_cb_asvdpp_local_u300_24gb_benchmark_random_v1_tr080_va010_s001_s001,fit_model,777.1392291000229,0.9886995273549395,199.01953125,260.171875,61.15234375,completed
ml1m,cb_asvdpp,2026-05-08T011957Z_ml1m_cb_asvdpp_local_u300_24gb_benchmark_random_v1_tr080_va010_s001_s001,initialize_model,5.720002809539437e-05,7.277156862625301e-08,199.01953125,199.01953125,0.0,completed
ml1m,cb_asvdpp,2026-05-08T011957Z_ml1m_cb_asvdpp_local_u300_24gb_benchmark_random_v1_tr080_va010_s001_s001,load_ratings_data,0.5575532999937423,0.0007093358095143206,137.62890625,180.828125,43.19921875,completed
ml1m,cb_asvdpp,2026-05-08T011957Z_ml1m_cb_asvdpp_local_u300_24gb_benchmark_random_v1_tr080_va010_s001_s001,load_test_ratings,2.600002335384488e-05,3.307799920348026e-08,180.8984375,180.8984375,0.0,completed
ml1m,cb_asvdpp,2026-05-08T011957Z_ml1m_cb_asvdpp_local_u300_24gb_benchmark_random_v1_tr080_va010_s001_s001,load_train_ratings,3.300001844763756e-05,4.1983600132588614e-08,180.8984375,180.8984375,0.0,completed
ml1m,cb_asvdpp,2026-05-08T011957Z_ml1m_cb_asvdpp_local_u300_24gb_benchmark_random_v1_tr080_va010_s001_s001,load_validation_ratings,2.670002868399024e-05,3.3968566701741987e-08,180.8984375,180.8984375,0.0,completed
ml1m,cb_asvdpp,2026-05-08T011957Z_ml1m_cb_asvdpp_local_u300_24gb_benchmark_random_v1_tr080_va010_s001_s001,predict_test,0.1415908999624662,0.00018013613343489203,281.9609375,284.265625,2.3046875,completed
ml1m,cb_asvdpp,2026-05-08T011957Z_ml1m_cb_asvdpp_local_u300_24gb_benchmark_random_v1_tr080_va010_s001_s001,predict_train,2.124643200018909,0.002703033959679593,263.3046875,281.3125,18.0078125,completed
ml1m,cb_asvdpp,2026-05-08T011957Z_ml1m_cb_asvdpp_local_u300_24gb_benchmark_random_v1_tr080_va010_s001_s001,predict_validation,0.13890409999294207,0.00017671790699554202,281.3125,281.9609375,0.6484375,completed
ml1m,cb_asvdpp,2026-05-08T011957Z_ml1m_cb_asvdpp_local_u300_24gb_benchmark_random_v1_tr080_va010_s001_s001,resolve_dataset_manifest,0.011314900009892881,1.4395150666637685e-05,136.734375,136.74609375,0.01171875,completed
ml1m,cb_asvdpp,2026-05-08T011957Z_ml1m_cb_asvdpp_local_u300_24gb_benchmark_random_v1_tr080_va010_s001_s001,resolve_experiment_config,0.050670300028286874,6.446425532644461e-05,136.64453125,136.734375,0.08984375,completed
ml1m,cb_asvdpp,2026-05-08T011957Z_ml1m_cb_asvdpp_local_u300_24gb_benchmark_random_v1_tr080_va010_s001_s001,resolve_model_profile,0.024922400014474988,3.170701489795817e-05,136.74609375,136.78515625,0.0390625,completed
ml1m,cb_asvdpp,2026-05-08T011957Z_ml1m_cb_asvdpp_local_u300_24gb_benchmark_random_v1_tr080_va010_s001_s001,resolve_model_requirements,0.00019449996761977673,2.474486151972052e-07,137.4453125,137.4453125,0.0,completed
ml1m,cb_asvdpp,2026-05-08T011957Z_ml1m_cb_asvdpp_local_u300_24gb_benchmark_random_v1_tr080_va010_s001_s001,resolve_split_cache,0.24783380003646016,0.00031530149525766553,180.828125,180.89453125,0.06640625,completed
ml1m,cb_asvdpp,2026-05-08T011957Z_ml1m_cb_asvdpp_local_u300_24gb_benchmark_random_v1_tr080_va010_s001_s001,resolve_split_cache_policy,2.8199981898069382e-05,3.587685157307963e-08,136.87890625,136.87890625,0.0,completed
ml1m,cb_asvdpp,2026-05-08T011957Z_ml1m_cb_asvdpp_local_u300_24gb_benchmark_random_v1_tr080_va010_s001_s001,validate_model_config,0.0006117000011727214,7.782228452717131e-07,136.78515625,136.875,0.08984375,completed
ml1m,cb_asvdpp,2026-05-08T011957Z_ml1m_cb_asvdpp_local_u300_24gb_benchmark_random_v1_tr080_va010_s001_s001,write_config_snapshot,0.13381040003150702,0.00017023755115223852,137.44921875,137.62890625,0.1796875,completed
ml1m,cb_asvdpp,2026-05-08T011957Z_ml1m_cb_asvdpp_local_u300_24gb_benchmark_random_v1_tr080_va010_s001_s001,write_kernel_profile,0.1423693000106141,0.00018112643701355467,263.30078125,263.3046875,0.00390625,completed
ml1m,cb_asvdpp,2026-05-08T011957Z_ml1m_cb_asvdpp_local_u300_24gb_benchmark_random_v1_tr080_va010_s001_s001,write_metrics_json,0.06917979998979717,8.801258898181092e-05,284.09765625,284.1796875,0.08203125,completed
ml1m,cb_asvdpp,2026-05-08T011957Z_ml1m_cb_asvdpp_local_u300_24gb_benchmark_random_v1_tr080_va010_s001_s001,write_performance_profile,0.04754169995430857,6.048395771875962e-05,286.07421875,286.12890625,0.0546875,completed
ml1m,cb_asvdpp,2026-05-08T011957Z_ml1m_cb_asvdpp_local_u300_24gb_benchmark_random_v1_tr080_va010_s001_s001,write_run_manifest,0.39119039999786764,0.000497684004488598,137.62890625,137.62890625,0.0,completed
ml1m,cb_asvdpp,2026-05-08T011957Z_ml1m_cb_asvdpp_local_u300_24gb_benchmark_random_v1_tr080_va010_s001_s001,write_run_manifest,0.03853019996313378,4.9019260727010124e-05,284.1796875,284.24609375,0.06640625,completed
ml1m,cb_svdpp,2026-05-08T011336Z_ml1m_cb_svdpp_local_u300_24gb_benchmark_random_v1_tr080_va010_s001_s001,build_cb_diagnostics,0.3122960000182502,0.0009404358154219134,279.53125,282.7421875,3.2109375,completed
ml1m,cb_svdpp,2026-05-08T011336Z_ml1m_cb_svdpp_local_u300_24gb_benchmark_random_v1_tr080_va010_s001_s001,build_cluster_artifacts,15.061926199996378,0.045356888486853826,181.09765625,231.03125,49.93359375,completed
ml1m,cb_svdpp,2026-05-08T011336Z_ml1m_cb_svdpp_local_u300_24gb_benchmark_random_v1_tr080_va010_s001_s001,build_fit_artifacts,18.124369800032582,0.05457900994859321,181.09765625,237.68359375,56.5859375,completed
ml1m,cb_svdpp,2026-05-08T011336Z_ml1m_cb_svdpp_local_u300_24gb_benchmark_random_v1_tr080_va010_s001_s001,build_model_config,5.219999002292752e-05,1.5719298415400384e-07,181.01953125,181.01953125,0.0,completed
ml1m,cb_svdpp,2026-05-08T011336Z_ml1m_cb_svdpp_local_u300_24gb_benchmark_random_v1_tr080_va010_s001_s001,build_rating_metrics,0.2872971000033431,0.0008651551172419937,282.48046875,279.25,-3.23046875,completed
ml1m,cb_svdpp,2026-05-08T011336Z_ml1m_cb_svdpp_local_u300_24gb_benchmark_random_v1_tr080_va010_s001_s001,build_training_indices,0.49714950000634417,0.0014970963297568347,231.03125,234.203125,3.171875,completed
ml1m,cb_svdpp,2026-05-08T011336Z_ml1m_cb_svdpp_local_u300_24gb_benchmark_random_v1_tr080_va010_s001_s001,build_user_cluster_history_index,2.565119400038384,0.007724499047341922,234.203125,237.68359375,3.48046875,completed
ml1m,cb_svdpp,2026-05-08T011336Z_ml1m_cb_svdpp_local_u300_24gb_benchmark_random_v1_tr080_va010_s001_s001,build_user_history_index,0.4970906999660656,0.0014969192616425362,231.03125,234.203125,3.171875,completed
ml1m,cb_svdpp,2026-05-08T011336Z_ml1m_cb_svdpp_local_u300_24gb_benchmark_random_v1_tr080_va010_s001_s001,fit_model,291.6227717999718,0.8781812741030243,237.6875,264.02734375,26.33984375,completed
ml1m,cb_svdpp,2026-05-08T011336Z_ml1m_cb_svdpp_local_u300_24gb_benchmark_random_v1_tr080_va010_s001_s001,initialize_model,0.00010810000821948051,3.2552808672240997e-07,237.68359375,237.6875,0.00390625,completed
ml1m,cb_svdpp,2026-05-08T011336Z_ml1m_cb_svdpp_local_u300_24gb_benchmark_random_v1_tr080_va010_s001_s001,load_ratings_data,0.6190665000467561,0.001864232358844937,137.5390625,180.94921875,43.41015625,completed
ml1m,cb_svdpp,2026-05-08T011336Z_ml1m_cb_svdpp_local_u300_24gb_benchmark_random_v1_tr080_va010_s001_s001,load_test_ratings,9.90001717582345e-06,2.981251993266769e-08,181.01953125,181.01953125,0.0,completed
ml1m,cb_svdpp,2026-05-08T011336Z_ml1m_cb_svdpp_local_u300_24gb_benchmark_random_v1_tr080_va010_s001_s001,load_train_ratings,1.3899989426136017e-05,4.1857878069396606e-08,181.01953125,181.01953125,0.0,completed
ml1m,cb_svdpp,2026-05-08T011336Z_ml1m_cb_svdpp_local_u300_24gb_benchmark_random_v1_tr080_va010_s001_s001,load_validation_ratings,1.0100018698722124e-05,3.0414796603716466e-08,181.01953125,181.01953125,0.0,completed
ml1m,cb_svdpp,2026-05-08T011336Z_ml1m_cb_svdpp_local_u300_24gb_benchmark_random_v1_tr080_va010_s001_s001,predict_test,0.13870519999181852,0.0004176913500331175,280.18359375,282.48046875,2.296875,completed
ml1m,cb_svdpp,2026-05-08T011336Z_ml1m_cb_svdpp_local_u300_24gb_benchmark_random_v1_tr080_va010_s001_s001,predict_train,1.0982465000124648,0.0033072160473176966,264.08984375,277.3046875,13.21484375,completed
ml1m,cb_svdpp,2026-05-08T011336Z_ml1m_cb_svdpp_local_u300_24gb_benchmark_random_v1_tr080_va010_s001_s001,predict_validation,0.14869840000756085,0.00044778447708223023,277.3046875,280.18359375,2.87890625,completed
ml1m,cb_svdpp,2026-05-08T011336Z_ml1m_cb_svdpp_local_u300_24gb_benchmark_random_v1_tr080_va010_s001_s001,resolve_dataset_manifest,0.01024380000308156,3.084777393355671e-05,136.4921875,136.5,0.0078125,completed
ml1m,cb_svdpp,2026-05-08T011336Z_ml1m_cb_svdpp_local_u300_24gb_benchmark_random_v1_tr080_va010_s001_s001,resolve_experiment_config,0.03806579997763038,0.00011462984360849405,136.40625,136.4921875,0.0859375,completed
ml1m,cb_svdpp,2026-05-08T011336Z_ml1m_cb_svdpp_local_u300_24gb_benchmark_random_v1_tr080_va010_s001_s001,resolve_model_profile,0.010022900009062141,3.0182564433626492e-05,136.5,136.52734375,0.02734375,completed
ml1m,cb_svdpp,2026-05-08T011336Z_ml1m_cb_svdpp_local_u300_24gb_benchmark_random_v1_tr080_va010_s001_s001,resolve_model_requirements,0.00013509998098015785,4.068347361770081e-07,137.2421875,137.2421875,0.0,completed
ml1m,cb_svdpp,2026-05-08T011336Z_ml1m_cb_svdpp_local_u300_24gb_benchmark_random_v1_tr080_va010_s001_s001,resolve_split_cache,0.21889750001719221,0.0006591792687400936,180.94921875,181.015625,0.06640625,completed
ml1m,cb_svdpp,2026-05-08T011336Z_ml1m_cb_svdpp_local_u300_24gb_benchmark_random_v1_tr080_va010_s001_s001,resolve_split_cache_policy,1.8200022168457508e-05,5.480682649694521e-08,136.625,136.625,0.0,completed
ml1m,cb_svdpp,2026-05-08T011336Z_ml1m_cb_svdpp_local_u300_24gb_benchmark_random_v1_tr080_va010_s001_s001,validate_model_config,0.00014070002362132072,4.236984829663737e-07,136.52734375,136.62109375,0.09375,completed
ml1m,cb_svdpp,2026-05-08T011336Z_ml1m_cb_svdpp_local_u300_24gb_benchmark_random_v1_tr080_va010_s001_s001,write_config_snapshot,0.14666710002347827,0.00044166750069833297,137.2421875,137.53125,0.2890625,completed
ml1m,cb_svdpp,2026-05-08T011336Z_ml1m_cb_svdpp_local_u300_24gb_benchmark_random_v1_tr080_va010_s001_s001,write_kernel_profile,0.11408660002052784,0.00034355587235426906,264.08984375,264.08984375,0.0,completed
ml1m,cb_svdpp,2026-05-08T011336Z_ml1m_cb_svdpp_local_u300_24gb_benchmark_random_v1_tr080_va010_s001_s001,write_metrics_json,0.06232999998610467,0.00018769809526460364,282.7421875,282.76953125,0.02734375,completed
ml1m,cb_svdpp,2026-05-08T011336Z_ml1m_cb_svdpp_local_u300_24gb_benchmark_random_v1_tr080_va010_s001_s001,write_performance_profile,0.04898149997461587,0.0001475009505934254,283.96484375,283.98046875,0.015625,completed
ml1m,cb_svdpp,2026-05-08T011336Z_ml1m_cb_svdpp_local_u300_24gb_benchmark_random_v1_tr080_va010_s001_s001,write_run_manifest,0.4070312000112608,0.0012257176475599443,137.53125,137.5390625,0.0078125,completed
ml1m,cb_svdpp,2026-05-08T011336Z_ml1m_cb_svdpp_local_u300_24gb_benchmark_random_v1_tr080_va010_s001_s001,write_run_manifest,0.046274099964648485,0.00013934799334806145,282.76953125,282.76953125,0.0,completed
ml1m,svdpp,2026-05-08T004906Z_ml1m_svdpp_local_u300_24gb_benchmark_random_v1_tr080_va010_s001_s001,build_fit_artifacts,5.136630700028036,0.01720565903567965,180.73046875,191.703125,10.97265625,completed
ml1m,svdpp,2026-05-08T004906Z_ml1m_svdpp_local_u300_24gb_benchmark_random_v1_tr080_va010_s001_s001,build_model_config,7.360003655776381e-05,2.4653069453085847e-07,180.65625,180.66015625,0.00390625,completed
ml1m,svdpp,2026-05-08T004906Z_ml1m_svdpp_local_u300_24gb_benchmark_random_v1_tr080_va010_s001_s001,build_rating_metrics,0.3199060999904759,0.0010715575250212417,242.4140625,247.28125,4.8671875,completed
ml1m,svdpp,2026-05-08T004906Z_ml1m_svdpp_local_u300_24gb_benchmark_random_v1_tr080_va010_s001_s001,build_training_indices,5.136554399970919,0.017205403460995812,180.73046875,191.703125,10.97265625,completed
ml1m,svdpp,2026-05-08T004906Z_ml1m_svdpp_local_u300_24gb_benchmark_random_v1_tr080_va010_s001_s001,build_user_history_index,5.136517699982505,0.0172052805307086,180.73046875,191.703125,10.97265625,completed
ml1m,svdpp,2026-05-08T004906Z_ml1m_svdpp_local_u300_24gb_benchmark_random_v1_tr080_va010_s001_s001,fit_model,278.94070240005385,0.9343398225303835,191.703125,221.9921875,30.2890625,completed
ml1m,svdpp,2026-05-08T004906Z_ml1m_svdpp_local_u300_24gb_benchmark_random_v1_tr080_va010_s001_s001,initialize_model,2.7500034775584936e-05,9.211412099675865e-08,191.703125,191.703125,0.0,completed
ml1m,svdpp,2026-05-08T004906Z_ml1m_svdpp_local_u300_24gb_benchmark_random_v1_tr080_va010_s001_s001,load_ratings_data,0.7115453999722376,0.002383392588503939,137.16015625,180.58984375,43.4296875,completed
ml1m,svdpp,2026-05-08T004906Z_ml1m_svdpp_local_u300_24gb_benchmark_random_v1_tr080_va010_s001_s001,load_test_ratings,2.4100008886307478e-05,8.072539372012727e-08,180.65625,180.65625,0.0,completed
ml1m,svdpp,2026-05-08T004906Z_ml1m_svdpp_local_u300_24gb_benchmark_random_v1_tr080_va010_s001_s001,load_train_ratings,3.419996937736869e-05,1.1455622303828057e-07,180.65234375,180.65234375,0.0,completed
ml1m,svdpp,2026-05-08T004906Z_ml1m_svdpp_local_u300_24gb_benchmark_random_v1_tr080_va010_s001_s001,load_validation_ratings,3.170000854879618e-05,1.0618235383667745e-07,180.65234375,180.65234375,0.0,completed
ml1m,svdpp,2026-05-08T004906Z_ml1m_svdpp_local_u300_24gb_benchmark_random_v1_tr080_va010_s001_s001,predict_test,0.11476099997526035,0.0003844034643481754,239.50390625,242.40625,2.90234375,completed
ml1m,svdpp,2026-05-08T004906Z_ml1m_svdpp_local_u300_24gb_benchmark_random_v1_tr080_va010_s001_s001,predict_train,1.5844177000108175,0.005307165787942104,225.1328125,237.40625,12.2734375,completed
ml1m,svdpp,2026-05-08T004906Z_ml1m_svdpp_local_u300_24gb_benchmark_random_v1_tr080_va010_s001_s001,predict_validation,0.14681070001097396,0.0004917571448468121,237.40625,239.50390625,2.09765625,completed
ml1m,svdpp,2026-05-08T004906Z_ml1m_svdpp_local_u300_24gb_benchmark_random_v1_tr080_va010_s001_s001,resolve_dataset_manifest,0.016114700003527105,5.3977801776063e-05,136.3046875,136.30859375,0.00390625,completed
ml1m,svdpp,2026-05-08T004906Z_ml1m_svdpp_local_u300_24gb_benchmark_random_v1_tr080_va010_s001_s001,resolve_experiment_config,0.056036400026641786,0.00018769953472420867,136.22265625,136.3046875,0.08203125,completed
ml1m,svdpp,2026-05-08T004906Z_ml1m_svdpp_local_u300_24gb_benchmark_random_v1_tr080_va010_s001_s001,resolve_model_profile,0.02141190000111237,7.172130375718804e-05,136.30859375,136.328125,0.01953125,completed
ml1m,svdpp,2026-05-08T004906Z_ml1m_svdpp_local_u300_24gb_benchmark_random_v1_tr080_va010_s001_s001,resolve_model_requirements,9.240000508725643e-05,3.095030722021192e-07,136.98828125,136.98828125,0.0,completed
ml1m,svdpp,2026-05-08T004906Z_ml1m_svdpp_local_u300_24gb_benchmark_random_v1_tr080_va010_s001_s001,resolve_split_cache,0.4195492999861017,0.001405322404076965,180.58984375,180.65234375,0.0625,completed
ml1m,svdpp,2026-05-08T004906Z_ml1m_svdpp_local_u300_24gb_benchmark_random_v1_tr080_va010_s001_s001,resolve_split_cache_policy,2.1499989088624716e-05,7.201636697917385e-08,136.421875,136.421875,0.0,completed
ml1m,svdpp,2026-05-08T004906Z_ml1m_svdpp_local_u300_24gb_benchmark_random_v1_tr080_va010_s001_s001,validate_model_config,0.00020100001711398363,6.732696903069362e-07,136.328125,136.41796875,0.08984375,completed
ml1m,svdpp,2026-05-08T004906Z_ml1m_svdpp_local_u300_24gb_benchmark_random_v1_tr080_va010_s001_s001,write_config_snapshot,0.15310689999023452,0.0005128468973304818,136.98828125,137.1484375,0.16015625,completed
ml1m,svdpp,2026-05-08T004906Z_ml1m_svdpp_local_u300_24gb_benchmark_random_v1_tr080_va010_s001_s001,write_kernel_profile,0.0490962999756448,0.00016445297445459353,225.125,225.1328125,0.0078125,completed
ml1m,svdpp,2026-05-08T004906Z_ml1m_svdpp_local_u300_24gb_benchmark_random_v1_tr080_va010_s001_s001,write_metrics_json,0.06332389998715371,0.00021210974578773963,247.33984375,247.41796875,0.078125,completed
ml1m,svdpp,2026-05-08T004906Z_ml1m_svdpp_local_u300_24gb_benchmark_random_v1_tr080_va010_s001_s001,write_performance_profile,0.062395600019954145,0.00020900031206528394,249.43359375,249.44921875,0.015625,completed
ml1m,svdpp,2026-05-08T004906Z_ml1m_svdpp_local_u300_24gb_benchmark_random_v1_tr080_va010_s001_s001,write_run_manifest,0.42206630000146106,0.0014137533477414253,137.15625,137.16015625,0.00390625,completed
ml1m,svdpp,2026-05-08T004906Z_ml1m_svdpp_local_u300_24gb_benchmark_random_v1_tr080_va010_s001_s001,write_run_manifest,0.05164160003187135,0.0001729787119405863,247.41796875,247.41796875,0.0,completed
